numSpecies,numHybridizations,onlyBmg,onlyWbmg
2,1,0,0
2,1,0,0
2,1,0,0
2,1,0,0
2,1,0,0
2,1,0,0
2,1,0,0
2,1,0,0
2,1,0,0
2,1,0,0
2,1,0,0
2,1,0,0
2,1,0,0
2,1,0,0
2,1,0,0
2,1,0,0
2,1,0,0
2,1,0,0
2,1,0,0
2,1,0,0
2,2,0,0
2,2,0,0
2,2,0,0
2,2,0,0
2,2,0,0
2,2,0,0
2,2,0,0
2,2,0,0
2,2,0,0
2,2,0,0
2,2,0,0
2,2,0,0
2,2,0,1
2,2,0,0
2,2,0,0
2,2,0,0
2,2,0,0
2,2,0,0
2,2,0,0
2,2,0,0
2,3,0,0
2,3,0,0
2,3,0,0
2,3,0,0
2,3,0,0
2,3,0,0
2,3,0,0
2,3,0,0
2,3,0,0
2,3,0,0
2,3,0,0
2,3,0,0
2,3,0,0
2,3,0,0
2,3,0,0
2,3,0,0
2,3,0,0
2,3,0,0
2,3,0,0
2,3,0,1
2,4,0,0
2,4,0,0
2,4,0,0
2,4,0,0
2,4,0,0
2,4,0,0
2,4,0,0
2,4,0,0
2,4,0,0
2,4,0,0
2,4,0,0
2,4,0,1
2,4,0,0
2,4,0,0
2,4,0,0
2,4,0,0
2,4,0,0
2,4,0,0
2,4,0,0
2,4,0,0
2,5,0,0
2,5,0,0
2,5,0,0
2,5,0,0
2,5,0,3
2,5,0,0
2,5,0,0
2,5,0,1
2,5,0,0
2,5,0,0
2,5,0,0
2,5,0,0
2,5,0,0
2,5,0,0
2,5,0,0
2,5,0,0
2,5,0,0
2,5,0,0
2,5,0,0
2,5,0,0
2,6,0,0
2,6,0,0
2,6,0,0
2,6,0,2
2,6,0,0
2,6,0,0
2,6,0,0
2,6,0,0
2,6,0,0
2,6,0,0
2,6,0,0
2,6,0,0
2,6,0,0
2,6,0,0
2,6,0,0
2,6,0,0
2,6,0,0
2,6,0,0
2,6,0,0
2,6,0,0
2,7,0,0
2,7,0,0
2,7,0,0
2,7,0,0
2,7,0,0
2,7,0,0
2,7,0,0
2,7,0,0
2,7,0,0
2,7,0,0
2,7,0,0
2,7,0,0
2,7,0,1
2,7,0,0
2,7,0,0
2,7,0,0
2,7,0,0
2,7,0,0
2,7,0,0
2,7,0,0
2,8,0,0
2,8,0,0
2,8,0,0
2,8,0,0
2,8,0,0
2,8,0,1
2,8,0,0
2,8,0,1
2,8,0,0
2,8,0,0
2,8,0,0
2,8,0,0
2,8,0,0
2,8,0,0
2,8,0,0
2,8,0,2
2,8,0,1
2,8,0,0
2,8,0,0
2,8,0,0
2,9,0,0
2,9,0,0
2,9,0,1
2,9,0,0
2,9,0,0
2,9,0,0
2,9,0,0
2,9,0,0
2,9,0,0
2,9,0,0
2,9,0,0
2,9,0,0
2,9,0,0
2,9,0,0
2,9,0,0
2,9,0,0
2,9,0,0
2,9,0,0
2,9,0,0
2,9,0,0
2,10,0,0
2,10,0,0
2,10,0,0
2,10,0,0
2,10,0,0
2,10,0,0
2,10,0,0
2,10,0,0
2,10,0,0
2,10,0,0
2,10,0,3
2,10,0,0
2,10,0,0
2,10,0,0
2,10,0,0
2,10,0,1
2,10,0,0
2,10,0,0
2,10,0,0
2,10,0,0
2,11,0,0
2,11,0,1
2,11,0,1
2,11,0,0
2,11,0,1
2,11,0,0
2,11,0,0
2,11,0,0
2,11,0,0
2,11,0,0
2,11,0,0
2,11,0,0
2,11,0,0
2,11,0,0
2,11,0,0
2,11,0,2
2,11,0,0
2,11,0,0
2,11,0,0
2,11,0,1
2,12,0,0
2,12,0,0
2,12,0,0
2,12,0,0
2,12,0,0
2,12,0,0
2,12,0,1
2,12,0,0
2,12,0,0
2,12,0,0
2,12,0,1
2,12,0,0
2,12,0,0
2,12,0,0
2,12,0,0
2,12,0,0
2,12,0,0
2,12,0,0
2,12,0,0
2,12,0,0
2,13,0,0
2,13,0,0
2,13,0,0
2,13,0,8
2,13,0,0
2,13,0,0
2,13,0,0
2,13,0,0
2,13,0,0
2,13,0,0
2,13,0,0
2,13,0,0
2,13,0,3
2,13,0,0
2,13,0,0
2,13,0,0
2,13,0,0
2,13,0,0
2,13,0,0
2,13,0,0
2,14,0,0
2,14,0,0
2,14,0,0
2,14,0,0
2,14,0,0
2,14,0,0
2,14,0,0
2,14,0,0
2,14,0,0
2,14,0,0
2,14,0,0
2,14,0,0
2,14,0,0
2,14,0,0
2,14,0,0
2,14,0,0
2,14,0,1
2,14,0,0
2,14,0,0
2,14,0,0
2,15,0,0
2,15,0,0
2,15,0,0
2,15,0,0
2,15,0,0
2,15,0,0
2,15,0,0
2,15,0,0
2,15,0,0
2,15,0,0
2,15,0,0
2,15,0,1
2,15,0,0
2,15,0,0
2,15,0,0
2,15,0,0
2,15,0,0
2,15,0,0
2,15,0,0
2,15,0,0
2,16,0,0
2,16,0,0
2,16,0,0
2,16,0,0
2,16,0,0
2,16,0,0
2,16,0,0
2,16,0,0
2,16,0,0
2,16,0,0
2,16,0,0
2,16,0,0
2,16,0,0
2,16,0,0
2,16,0,0
2,16,0,0
2,16,0,0
2,16,0,0
2,16,0,0
2,16,0,0
2,17,0,0
2,17,0,0
2,17,0,0
2,17,0,2
2,17,0,0
2,17,0,0
2,17,0,0
2,17,0,1
2,17,0,0
2,17,0,0
2,17,0,0
2,17,0,0
2,17,0,0
2,17,0,2
2,17,0,0
2,17,0,0
2,17,0,0
2,17,0,0
2,17,0,0
2,17,0,0
2,18,0,0
2,18,0,2
2,18,0,0
2,18,0,0
2,18,0,0
2,18,0,5
2,18,0,5
2,18,0,0
2,18,0,0
2,18,0,0
2,18,0,7
2,18,0,0
2,18,0,1
2,18,0,1
2,18,0,0
2,18,0,4
2,18,0,0
2,18,0,0
2,18,0,0
2,18,0,0
2,19,0,0
2,19,0,0
2,19,0,1
2,19,0,0
2,19,0,0
2,19,0,1
2,19,0,0
2,19,0,0
2,19,0,0
2,19,0,0
2,19,0,1
2,19,0,0
2,19,0,0
2,19,0,0
2,19,0,0
2,19,0,0
2,19,0,0
2,19,0,0
2,19,0,0
2,19,0,0
2,20,0,0
2,20,0,0
2,20,0,0
2,20,0,0
2,20,0,0
2,20,0,2
2,20,0,1
2,20,0,0
2,20,0,0
2,20,0,2
2,20,0,0
2,20,0,0
2,20,0,0
2,20,0,0
2,20,0,0
2,20,0,0
2,20,0,0
2,20,0,0
2,20,0,0
2,20,0,0
2,21,0,0
2,21,0,0
2,21,0,0
2,21,0,0
2,21,0,10
2,21,0,0
2,21,0,0
2,21,0,0
2,21,0,0
2,21,0,0
2,21,0,1
2,21,0,0
2,21,0,2
2,21,0,0
2,21,0,0
2,21,0,0
2,21,0,0
2,21,0,0
2,21,0,0
2,21,0,0
2,22,0,0
2,22,0,0
2,22,0,0
2,22,0,0
2,22,0,0
2,22,0,0
2,22,0,0
2,22,0,4
2,22,0,0
2,22,0,0
2,22,0,0
2,22,0,0
2,22,0,0
2,22,0,0
2,22,0,2
2,22,0,0
2,22,0,0
2,22,0,3
2,22,0,0
2,22,0,0
2,23,0,0
2,23,0,0
2,23,0,0
2,23,0,1
2,23,0,0
2,23,0,0
2,23,0,0
2,23,0,0
2,23,0,0
2,23,0,0
2,23,0,0
2,23,0,5
2,23,0,0
2,23,0,0
2,23,0,0
2,23,0,2
2,23,0,0
2,23,0,0
2,23,0,2
2,23,0,0
2,24,0,0
2,24,0,0
2,24,0,0
2,24,0,0
2,24,0,0
2,24,0,0
2,24,0,0
2,24,0,0
2,24,0,1
2,24,0,0
2,24,0,0
2,24,0,0
2,24,0,0
2,24,0,0
2,24,0,0
2,24,0,0
2,24,0,0
2,24,0,0
2,24,0,0
2,24,0,0
2,25,0,0
2,25,0,0
2,25,0,0
2,25,0,0
2,25,0,0
2,25,0,2
2,25,0,1
2,25,0,0
2,25,0,3
2,25,0,0
2,25,0,2
2,25,0,0
2,25,0,0
2,25,0,0
2,25,0,0
2,25,0,0
2,25,0,0
2,25,0,0
2,25,0,0
2,25,0,1
3,1,0,0
3,1,0,0
3,1,0,0
3,1,0,0
3,1,0,0
3,1,0,0
3,1,0,0
3,1,0,0
3,1,0,0
3,1,0,0
3,1,0,0
3,1,0,0
3,1,0,0
3,1,0,0
3,1,0,0
3,1,0,0
3,1,0,0
3,1,0,0
3,1,0,0
3,1,0,0
3,2,0,0
3,2,0,0
3,2,0,0
3,2,0,0
3,2,0,0
3,2,0,0
3,2,0,2
3,2,0,0
3,2,0,0
3,2,0,0
3,2,0,0
3,2,0,0
3,2,0,0
3,2,0,0
3,2,0,0
3,2,0,0
3,2,0,0
3,2,0,0
3,2,0,0
3,2,0,0
3,3,0,0
3,3,0,0
3,3,0,0
3,3,0,0
3,3,0,0
3,3,0,0
3,3,0,0
3,3,0,0
3,3,0,0
3,3,0,0
3,3,0,0
3,3,0,0
3,3,0,0
3,3,0,0
3,3,0,0
3,3,0,0
3,3,0,0
3,3,0,0
3,3,0,0
3,3,0,0
3,4,0,0
3,4,0,0
3,4,0,0
3,4,0,0
3,4,0,0
3,4,0,0
3,4,0,0
3,4,0,0
3,4,0,0
3,4,0,0
3,4,0,1
3,4,0,0
3,4,0,0
3,4,0,0
3,4,0,0
3,4,0,0
3,4,0,0
3,4,0,0
3,4,0,2
3,4,0,0
3,5,0,0
3,5,0,0
3,5,0,0
3,5,0,0
3,5,0,3
3,5,0,0
3,5,0,0
3,5,0,1
3,5,0,1
3,5,0,0
3,5,0,1
3,5,0,1
3,5,0,0
3,5,0,0
3,5,0,0
3,5,0,0
3,5,0,0
3,5,0,0
3,5,0,0
3,5,0,0
3,6,0,0
3,6,0,0
3,6,0,2
3,6,0,6
3,6,0,4
3,6,0,0
3,6,0,0
3,6,0,1
3,6,0,5
3,6,0,2
3,6,0,0
3,6,0,1
3,6,0,0
3,6,0,0
3,6,0,0
3,6,0,0
3,6,0,0
3,6,0,0
3,6,0,0
3,6,0,1
3,7,0,0
3,7,0,2
3,7,0,0
3,7,0,0
3,7,0,0
3,7,0,0
3,7,0,0
3,7,0,0
3,7,0,0
3,7,0,0
3,7,0,0
3,7,0,0
3,7,0,2
3,7,0,0
3,7,0,0
3,7,0,0
3,7,0,0
3,7,0,0
3,7,0,0
3,7,0,0
3,8,0,0
3,8,0,0
3,8,0,0
3,8,0,0
3,8,0,0
3,8,0,0
3,8,0,1
3,8,0,0
3,8,0,0
3,8,0,0
3,8,0,0
3,8,0,0
3,8,0,0
3,8,0,0
3,8,0,0
3,8,0,7
3,8,0,0
3,8,0,0
3,8,0,0
3,8,0,1
3,9,0,0
3,9,0,5
3,9,0,2
3,9,0,0
3,9,0,4
3,9,0,0
3,9,0,0
3,9,0,0
3,9,0,0
3,9,0,2
3,9,0,0
3,9,0,1
3,9,0,0
3,9,0,0
3,9,0,0
3,9,0,3
3,9,0,0
3,9,0,0
3,9,0,1
3,9,0,0
3,10,0,0
3,10,0,0
3,10,0,0
3,10,0,0
3,10,0,0
3,10,0,0
3,10,0,2
3,10,0,0
3,10,0,0
3,10,0,0
3,10,0,0
3,10,0,0
3,10,0,0
3,10,0,0
3,10,0,2
3,10,0,0
3,10,0,0
3,10,0,0
3,10,0,1
3,10,0,0
3,11,0,0
3,11,0,6
3,11,0,0
3,11,0,0
3,11,0,0
3,11,0,0
3,11,0,0
3,11,0,0
3,11,0,3
3,11,0,0
3,11,0,0
3,11,0,0
3,11,0,0
3,11,0,0
3,11,0,0
3,11,0,0
3,11,0,0
3,11,0,0
3,11,0,0
3,11,0,0
3,12,0,0
3,12,0,0
3,12,0,0
3,12,0,0
3,12,0,0
3,12,0,0
3,12,0,0
3,12,0,0
3,12,0,0
3,12,0,0
3,12,0,4
3,12,0,0
3,12,0,0
3,12,0,1
3,12,0,0
3,12,0,0
3,12,0,1
3,12,0,0
3,12,0,0
3,12,0,0
3,13,0,0
3,13,0,0
3,13,0,2
3,13,0,0
3,13,0,0
3,13,0,0
3,13,0,1
3,13,0,4
3,13,0,1
3,13,0,0
3,13,0,0
3,13,0,0
3,13,0,0
3,13,0,0
3,13,0,0
3,13,0,0
3,13,0,6
3,13,0,0
3,13,0,0
3,13,0,0
3,14,0,1
3,14,0,0
3,14,0,0
3,14,0,0
3,14,0,0
3,14,0,11
3,14,0,0
3,14,0,0
3,14,0,0
3,14,0,7
3,14,0,0
3,14,0,0
3,14,0,0
3,14,0,0
3,14,0,0
3,14,0,0
3,14,0,0
3,14,0,1
3,14,0,0
3,14,0,0
3,15,0,0
3,15,0,0
3,15,0,0
3,15,0,0
3,15,0,0
3,15,0,0
3,15,0,0
3,15,0,0
3,15,0,0
3,15,0,14
3,15,0,0
3,15,0,0
3,15,0,2
3,15,0,0
3,15,0,0
3,15,0,8
3,15,0,0
3,15,0,0
3,15,0,0
3,15,0,0
3,16,0,0
3,16,0,2
3,16,0,0
3,16,0,0
3,16,0,0
3,16,0,0
3,16,0,0
3,16,0,0
3,16,0,0
3,16,0,0
3,16,0,0
3,16,0,0
3,16,0,0
3,16,0,0
3,16,0,0
3,16,0,0
3,16,0,0
3,16,0,0
3,16,0,0
3,16,0,0
3,17,0,0
3,17,0,0
3,17,0,1
3,17,0,0
3,17,0,0
3,17,0,1
3,17,0,0
3,17,0,16
3,17,0,0
3,17,0,0
3,17,0,1
3,17,0,0
3,17,0,0
3,17,0,0
3,17,0,0
3,17,0,0
3,17,0,0
3,17,0,0
3,17,0,0
3,17,0,0
3,18,0,1
3,18,0,0
3,18,0,0
3,18,0,0
3,18,0,0
3,18,0,0
3,18,0,0
3,18,0,0
3,18,0,0
3,18,0,0
3,18,0,0
3,18,0,0
3,18,0,0
3,18,0,0
3,18,0,11
3,18,0,0
3,18,0,0
3,18,0,0
3,18,0,0
3,18,0,0
3,19,0,0
3,19,0,0
3,19,0,6
3,19,0,0
3,19,0,0
3,19,0,0
3,19,0,1
3,19,0,0
3,19,0,0
3,19,0,1
3,19,0,0
3,19,0,3
3,19,0,0
3,19,0,3
3,19,0,0
3,19,0,0
3,19,0,0
3,19,0,0
3,19,0,2
3,19,0,0
3,20,0,2
3,20,0,0
3,20,0,0
3,20,0,0
3,20,0,0
3,20,0,0
3,20,0,0
3,20,0,0
3,20,0,1
3,20,0,0
3,20,0,0
3,20,0,0
3,20,0,0
3,20,0,0
3,20,0,1
3,20,0,0
3,20,0,0
3,20,0,0
3,20,0,0
3,20,0,0
3,21,0,8
3,21,0,1
3,21,0,0
3,21,0,1
3,21,0,0
3,21,0,0
3,21,0,0
3,21,0,2
3,21,0,0
3,21,0,0
3,21,0,4
3,21,0,0
3,21,0,0
3,21,0,0
3,21,0,12
3,21,0,0
3,21,0,0
3,21,0,2
3,21,0,0
3,21,0,3
3,22,0,2
3,22,0,0
3,22,0,0
3,22,0,1
3,22,0,0
3,22,0,0
3,22,0,0
3,22,0,0
3,22,0,0
3,22,0,0
3,22,0,0
3,22,0,0
3,22,0,4
3,22,0,2
3,22,0,33
3,22,0,5
3,22,0,0
3,22,0,1
3,22,0,0
3,22,0,0
3,23,0,0
3,23,0,0
3,23,0,0
3,23,0,0
3,23,0,0
3,23,0,0
3,23,0,1
3,23,0,1
3,23,0,0
3,23,0,0
3,23,0,0
3,23,0,0
3,23,0,0
3,23,0,0
3,23,0,0
3,23,0,1
3,23,0,0
3,23,0,0
3,23,0,0
3,23,0,0
3,24,0,0
3,24,0,0
3,24,0,0
3,24,0,21
3,24,0,1
3,24,0,1
3,24,0,1
3,24,0,0
3,24,0,0
3,24,0,1
3,24,0,0
3,24,0,2
3,24,0,0
3,24,0,0
3,24,0,0
3,24,0,0
3,24,0,5
3,24,0,32
3,24,0,0
3,24,0,2
3,25,0,0
3,25,0,0
3,25,0,0
3,25,0,0
3,25,0,0
3,25,0,0
3,25,0,0
3,25,0,0
3,25,0,0
3,25,0,1
3,25,0,0
3,25,0,0
3,25,0,2
3,25,0,0
3,25,0,1
3,25,0,0
3,25,0,0
3,25,0,0
3,25,0,2
3,25,0,0
4,1,0,0
4,1,0,0
4,1,0,0
4,1,0,0
4,1,0,0
4,1,0,0
4,1,0,0
4,1,0,0
4,1,0,0
4,1,0,0
4,1,0,0
4,1,0,0
4,1,0,0
4,1,0,0
4,1,0,0
4,1,0,0
4,1,0,0
4,1,0,0
4,1,0,0
4,1,0,0
4,2,0,0
4,2,0,0
4,2,0,0
4,2,0,0
4,2,0,0
4,2,0,0
4,2,0,0
4,2,0,0
4,2,0,0
4,2,0,0
4,2,0,0
4,2,0,0
4,2,0,2
4,2,0,0
4,2,0,0
4,2,0,0
4,2,0,0
4,2,0,0
4,2,0,0
4,2,0,0
4,3,0,3
4,3,0,0
4,3,0,3
4,3,0,0
4,3,0,0
4,3,0,0
4,3,0,0
4,3,0,0
4,3,0,0
4,3,0,0
4,3,0,0
4,3,0,0
4,3,0,0
4,3,0,0
4,3,0,0
4,3,0,0
4,3,0,0
4,3,0,0
4,3,0,0
4,3,0,0
4,4,0,0
4,4,0,0
4,4,0,0
4,4,0,0
4,4,0,0
4,4,0,2
4,4,0,0
4,4,0,0
4,4,0,0
4,4,0,0
4,4,0,0
4,4,0,0
4,4,0,0
4,4,0,0
4,4,0,6
4,4,0,0
4,4,0,0
4,4,0,1
4,4,0,0
4,4,0,0
4,5,0,0
4,5,0,0
4,5,0,0
4,5,0,0
4,5,0,8
4,5,0,0
4,5,0,1
4,5,0,1
4,5,0,0
4,5,0,0
4,5,0,0
4,5,0,0
4,5,0,0
4,5,0,1
4,5,0,1
4,5,0,0
4,5,0,0
4,5,0,4
4,5,0,0
4,5,0,0
4,6,0,2
4,6,0,0
4,6,0,0
4,6,0,0
4,6,0,0
4,6,0,0
4,6,0,0
4,6,0,0
4,6,0,0
4,6,0,0
4,6,0,3
4,6,0,0
4,6,0,0
4,6,0,0
4,6,0,0
4,6,0,0
4,6,0,0
4,6,0,0
4,6,0,9
4,6,0,2
4,7,0,4
4,7,0,0
4,7,0,0
4,7,0,0
4,7,0,0
4,7,0,0
4,7,0,0
4,7,0,0
4,7,0,1
4,7,0,2
4,7,0,2
4,7,0,0
4,7,0,4
4,7,0,1
4,7,0,1
4,7,0,0
4,7,0,0
4,7,0,0
4,7,0,0
4,7,0,2
4,8,0,0
4,8,0,0
4,8,0,0
4,8,0,0
4,8,0,0
4,8,0,0
4,8,0,2
4,8,0,0
4,8,0,0
4,8,0,8
4,8,0,0
4,8,0,0
4,8,0,0
4,8,0,2
4,8,0,0
4,8,0,0
4,8,0,0
4,8,0,0
4,8,0,0
4,8,0,2
4,9,0,1
4,9,0,0
4,9,0,0
4,9,0,0
4,9,0,0
4,9,0,0
4,9,0,0
4,9,0,8
4,9,0,4
4,9,0,0
4,9,0,2
4,9,0,0
4,9,0,0
4,9,0,5
4,9,0,1
4,9,0,0
4,9,0,0
4,9,0,0
4,9,0,0
4,9,0,0
4,10,0,0
4,10,0,2
4,10,0,2
4,10,0,0
4,10,0,0
4,10,0,1
4,10,0,0
4,10,0,0
4,10,0,0
4,10,0,0
4,10,0,0
4,10,0,1
4,10,0,0
4,10,0,0
4,10,0,0
4,10,0,1
4,10,0,0
4,10,0,0
4,10,0,0
4,10,0,0
4,11,0,0
4,11,0,0
4,11,0,0
4,11,0,0
4,11,0,0
4,11,0,9
4,11,0,0
4,11,0,2
4,11,0,0
4,11,0,0
4,11,0,0
4,11,0,0
4,11,0,0
4,11,0,1
4,11,0,0
4,11,0,0
4,11,0,0
4,11,0,0
4,11,0,0
4,11,0,0
4,12,0,0
4,12,0,0
4,12,0,0
4,12,0,0
4,12,0,0
4,12,0,0
4,12,0,0
4,12,0,0
4,12,0,0
4,12,0,0
4,12,0,0
4,12,0,3
4,12,0,0
4,12,0,1
4,12,0,0
4,12,0,13
4,12,0,0
4,12,0,10
4,12,0,0
4,12,0,1
4,13,0,1
4,13,0,0
4,13,0,0
4,13,0,1
4,13,0,0
4,13,0,4
4,13,0,0
4,13,0,0
4,13,0,1
4,13,0,4
4,13,0,0
4,13,0,0
4,13,0,1
4,13,0,5
4,13,0,0
4,13,0,0
4,13,0,0
4,13,0,0
4,13,0,1
4,13,0,0
4,14,0,0
4,14,0,0
4,14,0,0
4,14,0,0
4,14,0,0
4,14,0,0
4,14,0,0
4,14,0,0
4,14,0,0
4,14,0,0
4,14,0,6
4,14,0,12
4,14,0,0
4,14,0,2
4,14,0,0
4,14,0,0
4,14,0,0
4,14,0,0
4,14,0,2
4,14,0,0
4,15,0,1
4,15,0,12
4,15,0,0
4,15,0,0
4,15,0,1
4,15,0,0
4,15,0,0
4,15,0,0
4,15,0,0
4,15,0,0
4,15,0,0
4,15,0,0
4,15,0,0
4,15,0,0
4,15,0,0
4,15,0,0
4,15,0,0
4,15,0,4
4,15,0,0
4,15,0,0
4,16,0,0
4,16,0,0
4,16,0,0
4,16,0,9
4,16,0,0
4,16,0,5
4,16,0,0
4,16,0,0
4,16,0,0
4,16,0,1
4,16,0,1
4,16,0,0
4,16,0,0
4,16,0,7
4,16,0,0
4,16,0,0
4,16,0,0
4,16,0,0
4,16,0,0
4,16,0,0
4,17,0,0
4,17,0,0
4,17,0,0
4,17,0,5
4,17,0,2
4,17,0,1
4,17,0,1
4,17,0,0
4,17,0,1
4,17,0,0
4,17,0,0
4,17,0,0
4,17,0,0
4,17,0,13
4,17,0,0
4,17,0,3
4,17,0,0
4,17,0,37
4,17,0,0
4,17,0,0
4,18,0,5
4,18,0,0
4,18,0,0
4,18,0,0
4,18,0,0
4,18,0,0
4,18,0,0
4,18,0,3
4,18,0,6
4,18,0,2
4,18,0,0
4,18,0,0
4,18,0,0
4,18,0,3
4,18,0,8
4,18,0,3
4,18,0,0
4,18,0,0
4,18,0,0
4,18,0,0
4,19,0,0
4,19,0,2
4,19,0,0
4,19,0,0
4,19,0,0
4,19,0,0
4,19,0,2
4,19,0,0
4,19,0,10
4,19,0,0
4,19,0,0
4,19,0,7
4,19,0,0
4,19,0,0
4,19,0,0
4,19,0,0
4,19,0,3
4,19,0,0
4,19,0,0
4,19,0,0
4,20,0,0
4,20,0,10
4,20,0,0
4,20,0,0
4,20,0,3
4,20,0,0
4,20,0,0
4,20,0,0
4,20,0,0
4,20,0,0
4,20,0,3
4,20,0,0
4,20,0,0
4,20,0,0
4,20,0,0
4,20,0,0
4,20,0,8
4,20,0,0
4,20,0,0
4,20,0,0
4,21,0,0
4,21,0,13
4,21,0,6
4,21,0,0
4,21,0,0
4,21,0,0
4,21,0,0
4,21,0,1
4,21,0,0
4,21,0,0
4,21,0,2
4,21,0,4
4,21,0,0
4,21,0,1
4,21,0,0
4,21,0,13
4,21,0,0
4,21,0,0
4,21,0,3
4,21,0,0
4,22,0,5
4,22,0,8
4,22,0,3
4,22,0,0
4,22,0,0
4,22,0,0
4,22,0,3
4,22,0,0
4,22,0,0
4,22,0,1
4,22,0,0
4,22,0,0
4,22,0,0
4,22,0,7
4,22,0,0
4,22,0,5
4,22,0,0
4,22,0,0
4,22,0,14
4,22,0,0
4,23,0,6
4,23,0,0
4,23,0,0
4,23,0,2
4,23,0,0
4,23,0,4
4,23,0,0
4,23,0,1
4,23,0,0
4,23,0,0
4,23,0,20
4,23,0,0
4,23,0,2
4,23,0,4
4,23,0,0
4,23,0,0
4,23,0,9
4,23,0,2
4,23,0,0
4,23,0,0
4,24,0,0
4,24,0,4
4,24,0,0
4,24,0,0
4,24,0,3
4,24,0,0
4,24,0,0
4,24,0,33
4,24,0,1
4,24,0,0
4,24,0,1
4,24,0,0
4,24,0,0
4,24,0,0
4,24,0,0
4,24,0,0
4,24,0,3
4,24,0,0
4,24,0,0
4,24,0,0
4,25,0,0
4,25,0,0
4,25,0,0
4,25,0,0
4,25,0,0
4,25,0,6
4,25,0,0
4,25,0,0
4,25,0,0
4,25,0,0
4,25,0,3
4,25,0,3
4,25,0,0
4,25,0,0
4,25,0,3
4,25,0,3
4,25,0,0
4,25,0,0
4,25,0,1
4,25,0,0
5,1,0,0
5,1,0,0
5,1,0,0
5,1,0,0
5,1,0,0
5,1,0,0
5,1,0,0
5,1,0,0
5,1,0,0
5,1,0,0
5,1,0,0
5,1,0,0
5,1,0,0
5,1,0,0
5,1,0,0
5,1,0,0
5,1,0,0
5,1,0,0
5,1,0,0
5,1,0,0
5,2,0,0
5,2,0,0
5,2,0,0
5,2,0,0
5,2,0,0
5,2,0,0
5,2,0,0
5,2,0,0
5,2,0,0
5,2,0,0
5,2,0,0
5,2,0,0
5,2,0,0
5,2,0,0
5,2,0,0
5,2,0,0
5,2,0,0
5,2,0,0
5,2,0,0
5,2,0,0
5,3,0,0
5,3,0,0
5,3,0,0
5,3,0,0
5,3,0,0
5,3,0,0
5,3,0,2
5,3,0,0
5,3,0,0
5,3,0,0
5,3,0,0
5,3,0,0
5,3,0,1
5,3,0,0
5,3,0,0
5,3,0,0
5,3,0,0
5,3,0,0
5,3,0,0
5,3,0,0
5,4,0,0
5,4,0,8
5,4,0,1
5,4,0,0
5,4,0,0
5,4,0,0
5,4,0,2
5,4,0,0
5,4,0,0
5,4,0,0
5,4,0,0
5,4,0,0
5,4,0,4
5,4,0,0
5,4,0,1
5,4,0,0
5,4,0,0
5,4,0,0
5,4,0,0
5,4,0,0
5,5,0,0
5,5,0,1
5,5,0,0
5,5,0,4
5,5,0,0
5,5,0,0
5,5,0,0
5,5,0,0
5,5,0,0
5,5,0,0
5,5,0,0
5,5,0,0
5,5,0,0
5,5,0,0
5,5,0,7
5,5,0,0
5,5,0,0
5,5,0,0
5,5,0,0
5,5,0,0
5,6,0,0
5,6,0,0
5,6,0,0
5,6,0,0
5,6,0,1
5,6,0,9
5,6,0,0
5,6,0,0
5,6,0,0
5,6,0,0
5,6,0,0
5,6,0,1
5,6,0,0
5,6,0,0
5,6,0,0
5,6,0,0
5,6,0,3
5,6,0,0
5,6,0,0
5,6,0,6
5,7,0,0
5,7,0,0
5,7,0,0
5,7,0,0
5,7,0,0
5,7,0,0
5,7,0,0
5,7,0,0
5,7,0,0
5,7,0,7
5,7,0,0
5,7,0,0
5,7,0,0
5,7,0,0
5,7,0,0
5,7,0,0
5,7,0,0
5,7,0,0
5,7,0,0
5,7,0,0
5,8,0,0
5,8,0,1
5,8,0,0
5,8,0,0
5,8,0,3
5,8,0,0
5,8,0,0
5,8,0,0
5,8,0,3
5,8,0,0
5,8,0,2
5,8,0,0
5,8,0,2
5,8,0,0
5,8,0,0
5,8,0,0
5,8,0,0
5,8,0,0
5,8,0,2
5,8,0,0
5,9,0,0
5,9,0,0
5,9,0,1
5,9,0,0
5,9,0,0
5,9,0,0
5,9,0,4
5,9,0,7
5,9,0,0
5,9,0,0
5,9,0,0
5,9,0,0
5,9,0,0
5,9,0,0
5,9,0,0
5,9,0,6
5,9,0,0
5,9,0,7
5,9,0,0
5,9,0,7
5,10,0,0
5,10,0,0
5,10,0,1
5,10,0,0
5,10,0,0
5,10,0,0
5,10,0,12
5,10,0,21
5,10,0,0
5,10,0,0
5,10,0,2
5,10,0,0
5,10,0,0
5,10,0,0
5,10,0,0
5,10,0,0
5,10,0,0
5,10,0,0
5,10,0,8
5,10,0,0
5,11,0,0
5,11,0,9
5,11,0,1
5,11,0,0
5,11,0,0
5,11,0,9
5,11,0,0
5,11,0,0
5,11,0,6
5,11,0,0
5,11,0,0
5,11,0,0
5,11,0,0
5,11,0,2
5,11,0,4
5,11,0,0
5,11,0,2
5,11,0,0
5,11,0,0
5,11,0,0
5,12,0,2
5,12,0,3
5,12,0,0
5,12,0,7
5,12,0,0
5,12,0,0
5,12,0,1
5,12,0,8
5,12,0,0
5,12,0,0
5,12,0,0
5,12,0,0
5,12,0,2
5,12,0,4
5,12,0,0
5,12,0,4
5,12,0,0
5,12,0,0
5,12,0,0
5,12,0,0
5,13,0,0
5,13,0,7
5,13,0,0
5,13,0,4
5,13,0,0
5,13,0,0
5,13,0,0
5,13,0,0
5,13,0,2
5,13,0,0
5,13,0,0
5,13,0,0
5,13,0,0
5,13,0,5
5,13,0,0
5,13,0,0
5,13,0,4
5,13,0,0
5,13,0,0
5,13,0,8
5,14,0,1
5,14,0,0
5,14,0,4
5,14,0,1
5,14,0,0
5,14,0,55
5,14,0,0
5,14,0,0
5,14,0,3
5,14,0,0
5,14,0,0
5,14,0,0
5,14,0,3
5,14,0,0
5,14,0,2
5,14,0,0
5,14,0,0
5,14,0,0
5,14,0,0
5,14,0,0
5,15,0,3
5,15,0,3
5,15,0,0
5,15,0,5
5,15,0,0
5,15,0,0
5,15,0,0
5,15,0,0
5,15,0,4
5,15,0,0
5,15,0,0
5,15,0,1
5,15,0,2
5,15,0,6
5,15,0,0
5,15,0,1
5,15,0,0
5,15,0,10
5,15,0,0
5,15,0,0
5,16,0,0
5,16,0,0
5,16,0,0
5,16,0,0
5,16,0,17
5,16,0,4
5,16,0,0
5,16,0,6
5,16,0,0
5,16,0,0
5,16,0,0
5,16,0,0
5,16,0,0
5,16,0,6
5,16,0,0
5,16,0,0
5,16,0,1
5,16,0,0
5,16,0,6
5,16,0,0
5,17,0,1
5,17,0,6
5,17,0,18
5,17,0,1
5,17,0,0
5,17,0,17
5,17,0,0
5,17,0,0
5,17,0,0
5,17,0,0
5,17,0,0
5,17,0,0
5,17,0,8
5,17,0,0
5,17,0,0
5,17,0,0
5,17,0,1
5,17,0,4
5,17,0,0
5,17,0,0
5,18,0,5
5,18,0,0
5,18,0,13
5,18,0,6
5,18,0,0
5,18,0,4
5,18,0,0
5,18,0,1
5,18,0,0
5,18,0,0
5,18,0,0
5,18,0,6
5,18,0,0
5,18,0,0
5,18,0,0
5,18,0,0
5,18,0,5
5,18,0,0
5,18,0,1
5,18,0,17
5,19,0,2
5,19,0,10
5,19,0,0
5,19,0,4
5,19,0,0
5,19,0,0
5,19,0,0
5,19,0,0
5,19,0,0
5,19,0,0
5,19,0,0
5,19,0,0
5,19,0,9
5,19,0,2
5,19,0,10
5,19,0,0
5,19,0,3
5,19,0,0
5,19,0,5
5,19,0,0
5,20,0,7
5,20,0,5
5,20,0,0
5,20,0,0
5,20,0,0
5,20,0,0
5,20,0,0
5,20,0,0
5,20,0,0
5,20,0,0
5,20,0,0
5,20,0,0
5,20,0,0
5,20,0,0
5,20,0,0
5,20,0,0
5,20,0,3
5,20,0,1
5,20,0,6
5,20,0,7
5,21,0,6
5,21,0,0
5,21,0,5
5,21,0,0
5,21,0,10
5,21,0,26
5,21,0,0
5,21,0,1
5,21,0,4
5,21,0,0
5,21,0,0
5,21,0,0
5,21,0,0
5,21,0,0
5,21,0,0
5,21,0,0
5,21,0,15
5,21,0,0
5,21,0,0
5,21,0,0
5,22,0,2
5,22,0,22
5,22,0,0
5,22,0,26
5,22,0,0
5,22,0,0
5,22,0,1
5,22,0,0
5,22,0,2
5,22,0,0
5,22,0,0
5,22,0,0
5,22,0,15
5,22,0,9
5,22,0,0
5,22,0,1
5,22,0,6
5,22,0,0
5,22,0,0
5,22,0,0
5,23,0,0
5,23,0,0
5,23,0,3
5,23,0,0
5,23,0,1
5,23,0,3
5,23,0,1
5,23,0,22
5,23,0,14
5,23,0,0
5,23,0,0
5,23,0,4
5,23,0,2
5,23,0,0
5,23,0,0
5,23,0,1
5,23,0,0
5,23,0,8
5,23,0,12
5,23,0,0
5,24,0,0
5,24,0,50
5,24,0,16
5,24,0,23
5,24,0,1
5,24,0,5
5,24,0,0
5,24,0,2
5,24,0,0
5,24,0,0
5,24,0,39
5,24,0,0
5,24,0,2
5,24,0,0
5,24,0,2
5,24,0,1
5,24,0,0
5,24,0,2
5,24,0,0
5,24,0,0
5,25,0,8
5,25,0,0
5,25,0,0
5,25,0,34
5,25,0,0
5,25,0,0
5,25,0,8
5,25,0,26
5,25,0,0
5,25,0,0
5,25,0,0
5,25,0,0
5,25,0,11
5,25,0,2
5,25,0,1
5,25,0,0
5,25,0,0
5,25,0,0
5,25,0,0
5,25,0,0
